Model,eval_loss,eval_f1 weighted average,eval_precision,eval_recall,eval_f1 class 0,eval_f1 class 1,eval_f1 class 2,eval_f1 class 3,eval_f1 class 4,eval_f1 class 5,eval_runtime,eval_samples_per_second,eval_steps_per_second,epoch
distilbert_cased,0.21906152963638306,0.9567618044909437,0.9576846311955036,0.9566455581368594,0.9622062283946484,0.9744551619524232,0.9498217561059329,0.9408698012049097,0.9444910113374817,0.9546403914675146,4.379720000000001,289.61319999999995,9.178799999999999,5.0
bert_cased,0.22157240509986878,0.9565522595287772,0.9572346487848176,0.9565167310907807,0.959495057272553,0.9693366656928044,0.9431296017089645,0.9472958043997982,0.9572532288448059,0.9554394802424684,8.226999999999999,154.1916,4.886799999999999,5.0
bertweet,0.18792391419410706,0.9653626104228914,0.9658341808994416,0.965315503790427,0.9748981962719062,0.9757236749397151,0.956827192041478,0.9470193141790448,0.9633498404306163,0.9647432615361733,7.99944,158.5664,5.025399999999999,5.0
roberta_large,0.1957928791642189,0.9638271774423929,0.9646562789361187,0.9638566373620744,0.9698220199747644,0.9769253720536575,0.953914234545436,0.9496681641939333,0.9720271421242606,0.9606781601588359,25.782819999999997,49.1982,1.5594,5.0
